,mean_fit_time,std_fit_time,mean_score_time,std_score_time,param_exhaustivefeatureselector__estimator__n_estimators,param_exhaustivefeatureselector__estimator__criterion,param_exhaustivefeatureselector__estimator__max_features,params,split0_test_score,split1_test_score,split2_test_score,split3_test_score,split4_test_score,split5_test_score,split6_test_score,split7_test_score,split8_test_score,mean_test_score,std_test_score,rank_test_score
0,0.016962210337320965,0.004242471486900957,0.0,0.0,"[ 10  60 110 160 210 260 310 360 410 460 510 560 610 660 710 760 810 860
 910 960]",,,"{'exhaustivefeatureselector__estimator__n_estimators': array([ 10,  60, 110, 160, 210, 260, 310, 360, 410, 460, 510, 560, 610,
       660, 710, 760, 810, 860, 910, 960])}",,,,,,,,,,,,5
1,27.529562552769978,0.581454712259917,0.005132145351833767,0.00022560738776389777,,squared_error,,{'exhaustivefeatureselector__estimator__criterion': 'squared_error'},-0.8782293384797891,-0.9579768011568928,-0.9518351306178405,-1.0674974943049904,-1.0913235421812222,-1.0110925161901745,-0.95781262163344,-0.9504081825730739,-0.9426302790304413,-0.9787562117964294,0.0627176779954025,4
2,28.355219841003418,0.2622765933495054,0.0050080882178412545,0.0002665511447438142,,absolute_error,,{'exhaustivefeatureselector__estimator__criterion': 'absolute_error'},-0.9527893105551867,-0.9663501008144447,-0.830934400438888,-1.0665323342345698,-1.0377300677669856,-0.8494332484306484,-0.9230854597810072,-0.936896570393209,-0.8683004442379633,-0.9368946596281003,0.07591435563305379,1
3,0.3721494674682617,1.0210348809058771,0.0,0.0,,poisson,,{'exhaustivefeatureselector__estimator__criterion': 'poisson'},,,,,,,,,,,,5
4,26.80129559834798,0.749746313601693,0.004982789357503255,0.00021736337085067375,,,sqrt,{'exhaustivefeatureselector__estimator__max_features': 'sqrt'},-0.9700879055136438,-0.9912270414928548,-0.9034504799068351,-1.0996493432737497,-1.0413524796937486,-0.8651405536723663,-0.9798984859199811,-0.9459820557126827,-0.7591726554628423,-0.9506623334054116,0.09400506394659075,2
5,26.466115713119507,0.38264227864773537,0.004902786678738064,0.00014925704570631837,,,log2,{'exhaustivefeatureselector__estimator__max_features': 'log2'},-0.9311561372459959,-0.9850474439175544,-0.9212818470817554,-1.080616547846778,-1.0595193376838863,-0.9475419828260323,-1.0113242765609125,-0.9420053653391407,-0.8313644071081385,-0.9677619272900215,0.07190191387702732,3
