,mean_fit_time,std_fit_time,mean_score_time,std_score_time,param_exhaustivefeatureselector__estimator__n_estimators,param_exhaustivefeatureselector__estimator__criterion,param_exhaustivefeatureselector__estimator__max_features,params,split0_test_score,split1_test_score,split2_test_score,split3_test_score,split4_test_score,split5_test_score,split6_test_score,split7_test_score,split8_test_score,mean_test_score,std_test_score,rank_test_score
0,0.015071577495998807,0.00461742779548097,0.0,0.0,"[ 10  60 110 160 210 260 310 360 410 460 510 560 610 660 710 760 810 860
 910 960]",,,"{'exhaustivefeatureselector__estimator__n_estimators': array([ 10,  60, 110, 160, 210, 260, 310, 360, 410, 460, 510, 560, 610,
       660, 710, 760, 810, 860, 910, 960])}",,,,,,,,,,,,5
1,32.44081584612528,3.0298261096018053,0.006658236185709636,0.0011152328794652951,,squared_error,,{'exhaustivefeatureselector__estimator__criterion': 'squared_error'},-0.8855809106509367,-0.6367880552454949,-0.7018956412880243,-1.306884712809503,-0.5695593008163331,-0.9348830337784749,-0.8161944652834457,-0.9826341646007429,-0.6714609720417272,-0.8339868062794091,0.21384288380392555,1
2,32.39330376519097,2.644887036602115,0.0060223473442925345,0.0013443375112059302,,absolute_error,,{'exhaustivefeatureselector__estimator__criterion': 'absolute_error'},-0.9593478057271646,-0.6502284077546,-0.7072731639010152,-1.3082023806717409,-0.6168822594842979,-1.079076758683631,-0.7926084961042751,-0.9380700089028684,-0.838401621891463,-0.8766767670134505,0.2091745230587059,2
3,0.4403066370222304,1.201959391376396,0.0,0.0,,poisson,,{'exhaustivefeatureselector__estimator__criterion': 'poisson'},,,,,,,,,,,,5
4,36.42832371923659,2.2440427436310304,0.007410287857055664,0.0006559352547961763,,,sqrt,{'exhaustivefeatureselector__estimator__max_features': 'sqrt'},-0.9616947665832358,-0.6650043183996619,-0.7267858826178101,-1.3126596768970902,-1.0564000763971515,-1.1815511889352572,-0.8348791514240637,-1.1608470031287619,-0.6393846201960167,-0.9488007427310055,0.2313777713348074,4
5,35.70867742432488,2.7839312423888867,0.007279819912380642,0.0007885464924417425,,,log2,{'exhaustivefeatureselector__estimator__max_features': 'log2'},-0.9291901360161566,-0.6365595884398036,-0.9844041008984097,-1.329350136485441,-1.001271994882391,-0.8294843003320956,-0.8328443441666179,-0.8960246177964897,-0.6517947757792056,-0.8989915549774012,0.1952404084232776,3
