,mean_fit_time,std_fit_time,mean_score_time,std_score_time,param_exhaustivefeatureselector__estimator__n_estimators,param_exhaustivefeatureselector__estimator__criterion,param_exhaustivefeatureselector__estimator__max_features,params,split0_test_score,split1_test_score,split2_test_score,split3_test_score,split4_test_score,split5_test_score,split6_test_score,split7_test_score,split8_test_score,mean_test_score,std_test_score,rank_test_score
0,0.05766688452826606,0.0063475123710821976,0.0,0.0,"[ 10  60 110 160 210 260 310 360 410 460 510 560 610 660 710 760 810 860
 910 960]",,,"{'exhaustivefeatureselector__estimator__n_estimators': array([ 10,  60, 110, 160, 210, 260, 310, 360, 410, 460, 510, 560, 610,
       660, 710, 760, 810, 860, 910, 960])}",,,,,,,,,,,,5
1,44.30042666859097,0.8124106137010482,0.009984360800849067,0.0004740867515398772,,squared_error,,{'exhaustivefeatureselector__estimator__criterion': 'squared_error'},-0.6780558722221768,-1.0686623625656553,-1.059022109197994,-1.0216611120833174,-1.2777179606391578,-0.6546944620135186,-1.3417917082246247,-0.8501233843480046,-1.1553971795972076,-1.0119029056546285,0.22872503567730398,2
2,44.54532519976298,1.239387075568307,0.009823693169487847,0.0005850220859275967,,absolute_error,,{'exhaustivefeatureselector__estimator__criterion': 'absolute_error'},-0.6745215941439858,-1.0565677032282048,-1.0689187996775382,-1.0939285481095538,-1.3735477490750523,-0.6484518476657918,-1.3612826995079663,-0.5363141368699669,-1.1841274401037925,-0.9997400575979835,0.2915980052084249,1
3,0.6728142102559408,1.7576376505848432,0.0,0.0,,poisson,,{'exhaustivefeatureselector__estimator__criterion': 'poisson'},,,,,,,,,,,,5
4,44.594562451044716,0.6786427227216828,0.009893629286024306,0.0002399335108782267,,,sqrt,{'exhaustivefeatureselector__estimator__max_features': 'sqrt'},-0.6962403029793208,-1.334616081652556,-1.0173822024862675,-1.0326629777138154,-1.357535277836291,-0.4615149039902254,-1.3586636093206923,-0.8298452852137769,-1.1837284087078677,-1.030243227766757,0.2993550520299389,4
5,44.11543896463182,1.0914917822330907,0.010215706295437284,0.001297933337453658,,,log2,{'exhaustivefeatureselector__estimator__max_features': 'log2'},-0.7034656214698162,-1.3584821671697878,-1.0720786291962903,-1.0488380003700526,-1.3856041976804943,-0.49247831102913264,-1.317092645363855,-0.6180662273100608,-1.2055326242709008,-1.0224042693178212,0.3187542929545094,3
