,mean_fit_time,std_fit_time,mean_score_time,std_score_time,param_exhaustivefeatureselector__estimator__n_estimators,param_exhaustivefeatureselector__estimator__criterion,param_exhaustivefeatureselector__estimator__max_features,params,split0_test_score,split1_test_score,split2_test_score,split3_test_score,split4_test_score,split5_test_score,split6_test_score,split7_test_score,split8_test_score,mean_test_score,std_test_score,rank_test_score
0,0.011028793123033311,0.0011140514852429216,0.0,0.0,"[ 10  60 110 160 210 260 310 360 410 460 510 560 610 660 710 760 810 860
 910 960]",,,"{'exhaustivefeatureselector__estimator__n_estimators': array([ 10,  60, 110, 160, 210, 260, 310, 360, 410, 460, 510, 560, 610,
       660, 710, 760, 810, 860, 910, 960])}",,,,,,,,,,,,5
1,26.91967272758484,0.2503406423422684,0.004800664054022895,0.00011879467977818218,,squared_error,,{'exhaustivefeatureselector__estimator__criterion': 'squared_error'},-1.0642897612348088,-0.7995636191449288,-0.8098514052279319,-0.6182261196820715,-0.8414836455474423,-0.7102343778337995,-1.425533969838258,-0.5279255723433814,-0.6803182551122254,-0.8308251917738719,0.2547015795174164,2
2,27.443554374906753,0.4097329182687113,0.004950973722669814,0.00019346588176220457,,absolute_error,,{'exhaustivefeatureselector__estimator__criterion': 'absolute_error'},-1.0776573129982892,-0.8646898169053299,-0.8786529657763168,-0.6216891421538474,-0.8367865646074049,-0.7359206874691783,-1.383739350521216,-0.5382059766975626,-0.6653118244011965,-0.8447392935033712,0.24361468249295032,4
3,0.35703714688618976,0.9801825914208542,0.0,0.0,,poisson,,{'exhaustivefeatureselector__estimator__criterion': 'poisson'},,,,,,,,,,,,5
4,26.515167978074814,0.47450920842493277,0.004948404100206163,0.000239998995283411,,,sqrt,{'exhaustivefeatureselector__estimator__max_features': 'sqrt'},-1.016477249330249,-0.8633826331533717,-0.8779596466395333,-0.6466001021565808,-0.7188911376905094,-0.8211423927416871,-1.3465844475560467,-0.542849972558548,-0.6925742194156296,-0.8362735334713505,0.22412638084709072,3
5,26.39351503054301,0.6710912794422519,0.004785882102118598,0.00018584106266175197,,,log2,{'exhaustivefeatureselector__estimator__max_features': 'log2'},-0.8165910222144942,-0.8745858841591133,-0.9128467516434197,-0.6449184698451834,-0.9455773947017277,-0.42431911733848876,-1.3805735518675857,-0.48132253607059733,-0.6980181477457461,-0.797639208398484,0.2695516860830592,1
