,mean_fit_time,std_fit_time,mean_score_time,std_score_time,param_exhaustivefeatureselector__estimator__n_estimators,param_exhaustivefeatureselector__estimator__criterion,param_exhaustivefeatureselector__estimator__max_features,params,split0_test_score,split1_test_score,split2_test_score,split3_test_score,split4_test_score,split5_test_score,split6_test_score,split7_test_score,split8_test_score,mean_test_score,std_test_score,rank_test_score
0,0.018001317977905273,0.006422353178495759,0.0,0.0,"[ 10  60 110 160 210 260 310 360 410 460 510 560 610 660 710 760 810 860
 910 960]",,,"{'exhaustivefeatureselector__estimator__n_estimators': array([ 10,  60, 110, 160, 210, 260, 310, 360, 410, 460, 510, 560, 610,
       660, 710, 760, 810, 860, 910, 960])}",,,,,,,,,,,,5
1,27.396135807037354,1.2850415704559448,0.004993915557861328,0.00022885567462605625,,squared_error,,{'exhaustivefeatureselector__estimator__criterion': 'squared_error'},-0.46887527290647285,-0.9009355971992744,-0.9551152152816726,-1.2142326522050642,-0.7276680726568463,-1.1625650099352984,-0.7334494297253789,-0.9368319886017784,-0.9984680140505481,-0.899793472506926,0.21732698960497912,4
2,30.289552927017212,3.210620945363577,0.005049731996324327,0.0004361843479840896,,absolute_error,,{'exhaustivefeatureselector__estimator__criterion': 'absolute_error'},-0.6397088589804899,-0.9230822588670161,-0.9640768139928603,-0.832017002991005,-0.9529149747047606,-1.1662283447126207,-0.6562599886569084,-0.855072170550124,-1.0213980068600252,-0.8900842689239788,0.15845420101408803,3
3,0.420987155702379,1.151489281510963,0.0,0.0,,poisson,,{'exhaustivefeatureselector__estimator__criterion': 'poisson'},,,,,,,,,,,,5
4,27.615121576521133,1.2212467911465952,0.005048592885335286,0.0003229368285976682,,,sqrt,{'exhaustivefeatureselector__estimator__max_features': 'sqrt'},-0.4846725472887114,-0.9246814906492675,-0.9241194740579545,-1.1910738687563485,-0.7614720228081385,-1.0996090279705066,-0.715012801053729,-0.849859659960671,-0.7205013092486813,-0.852333577977112,0.20164624880899307,1
5,27.33968949317932,1.0368090180231995,0.004814041985405816,0.00016837266844019203,,,log2,{'exhaustivefeatureselector__estimator__max_features': 'log2'},-0.5250407083654959,-0.9446971574778495,-0.9819230994976094,-1.2251341588314726,-0.80255724048483,-1.008215445230044,-0.7120695272792222,-0.8734244163423274,-0.7746709808262638,-0.8719703038150128,0.18882152306848116,2
