,mean_fit_time,std_fit_time,mean_score_time,std_score_time,param_exhaustivefeatureselector__estimator__n_estimators,param_exhaustivefeatureselector__estimator__criterion,param_exhaustivefeatureselector__estimator__max_features,params,split0_test_score,split1_test_score,split2_test_score,split3_test_score,split4_test_score,split5_test_score,split6_test_score,split7_test_score,split8_test_score,mean_test_score,std_test_score,rank_test_score
0,0.06416972478230794,0.00855851114916657,0.0,0.0,"[ 10  60 110 160 210 260 310 360 410 460 510 560 610 660 710 760 810 860
 910 960]",,,"{'exhaustivefeatureselector__estimator__n_estimators': array([ 10,  60, 110, 160, 210, 260, 310, 360, 410, 460, 510, 560, 610,
       660, 710, 760, 810, 860, 910, 960])}",,,,,,,,,,,,5
1,44.45468619134691,2.120514989131647,0.010370333989461264,0.0006582746515708865,,squared_error,,{'exhaustivefeatureselector__estimator__criterion': 'squared_error'},-0.9142016225367395,-0.8646730585267027,-0.52694524654202,-0.9270341311532847,-0.3795560279125636,-1.3585936602603415,-0.6355390888158375,-1.1928698762027632,-0.8099857665093099,-0.8454887198288402,0.29051525656699356,1
2,46.36405981911553,2.292699721474458,0.013247436947292753,0.005615272381130843,,absolute_error,,{'exhaustivefeatureselector__estimator__criterion': 'absolute_error'},-0.9773859903997174,-0.8749535999944492,-0.7763624628011755,-0.9547361384748785,-0.45847327620306205,-1.0843990086444772,-0.6748160732079898,-1.1900267411876262,-0.8038106152829355,-0.866107100688479,0.20752086720964863,2
3,0.641278346379598,1.6682217147845775,0.0,0.0,,poisson,,{'exhaustivefeatureselector__estimator__criterion': 'poisson'},,,,,,,,,,,,5
4,46.59448663393656,2.2292696311060385,0.011184957292344835,0.0012565751606548358,,,sqrt,{'exhaustivefeatureselector__estimator__max_features': 'sqrt'},-0.9258864407808242,-0.8772184087849616,-0.49587518408935827,-0.9549823905017559,-0.42111882994681854,-1.4656834261936753,-0.6806101255291083,-1.1991648239086767,-0.9099990022311482,-0.8811709591073696,0.30757016298331735,3
5,43.686821381251015,1.778475914111387,0.01005774074130588,0.00026952800100654353,,,log2,{'exhaustivefeatureselector__estimator__max_features': 'log2'},-0.9371175452086706,-0.8838726920111754,-0.8033093813691371,-0.9413763746943111,-0.5633460243153016,-1.110579421038429,-0.6616031435441749,-1.2247658912896515,-0.9517800215408787,-0.8975278327790812,0.19302002938543328,4
